{"0xdd62ed3e":"allowance(address,address)","0x095ea7b3":"approve(address,uint256)","0x70a08231":"balanceOf(address)","0xe4748b9e":"buyFees()","0x5501af37":"clearBlockedTokens()","0x313ce567":"decimals()","0xa457c2d7":"decreaseAllowance(address,uint256)","0x8ea5220f":"devWallet()","0xaf35c6c7":"enableTransfers()","0xc5d32bb2":"exemptFee(address)","0x8e090333":"exemptFromFee(address,bool)","0x39509351":"increaseAllowance(address,uint256)","0xfbac3951":"isBlocked(address)","0x452e68dd":"lpRecipient()","0x75f0a874":"marketingWallet()","0xaa4bde28":"maxWalletAmount()","0x06fdde03":"name()","0x8da5cb5b":"owner()","0xa8aa1b31":"pair()","0x715018a6":"renounceOwnership()","0x8cd4426d":"rescueERC20(address,uint256)","0x20800a00":"rescueETH()","0xf887ea40":"router()","0xb4c48026":"safeBlock()","0xe0f3ccf5":"sellFees()","0x178d9b8e":"setBuyFees(uint256,uint256,uint256,uint256)","0xc1bc0919":"setEnableTransfers()","0x27a14fc2":"setMaxWalletAmount(uint256)","0x8187f516":"setPair(address)","0xc0d78655":"setRouter(address)","0x6c5b2855":"setSellFees(uint256,uint256,uint256,uint256)","0xe01af92c":"setSwapEnabled(bool)","0x9d0014b1":"setSwapThreshold(uint256)","0x1b9d515e":"setTaxRecipients(address,address,address,address)","0x8f02bb5b":"setTransferFee(uint256)","0x17baf0e9":"snatchPotWallet()","0x6ddd1713":"swapEnabled()","0x0445b667":"swapThreshold()","0x95d89b41":"symbol()","0x59b107b9":"totalBuyFee()","0x9d9241ec":"totalSellFee()","0x18160ddd":"totalSupply()","0xa9059cbb":"transfer(address,uint256)","0xacb2ad6f":"transferFee()","0x23b872dd":"transferFrom(address,address,uint256)","0xf2fde38b":"transferOwnership(address)","0xaf016d2d":"unblock(address[],bool)","0x10d5de53":"_isExcludedMaxTransactionAmount(address)","0xb62496f5":"automatedMarketMakerPairs(address)","0x9c3b4fdc":"buyDevFee()","0xf11a24d3":"buyLiquidityFee()","0x7bce5a04":"buyMarketingFee()","0xd85ba063":"buyTotalFees()","0x27c8f835":"deadAddress()","0xe884f260":"disableTransferDelay()","0x8a8c523c":"enableTrading()","0xc0246668":"excludeFromFees(address,bool)","0x7571336a":"excludeFromMaxTransaction(address,bool)","0x4fbee193":"isExcludedFromFees(address)","0xa4c82a00":"lastLpBurnTime()","0x9ec22c0e":"lastManualLpBurnTime()","0x4a62bb65":"limitsInEffect()","0x2e82f1a0":"lpBurnEnabled()","0x2c3e486c":"lpBurnFrequency()","0x184c16c5":"manualBurnFrequency()","0xfe72b27a":"manualBurnLiquidityPairTokens(uint256)","0xc8c8ebe4":"maxTransactionAmount()","0xf8b45b05":"maxWallet()","0x199ffc72":"percentForLPBurn()","0x751039fc":"removeLimits()","0xa0d82dc5":"sellDevFee()","0xf6374342":"sellLiquidityFee()","0x92136913":"sellMarketingFee()","0x6a486a8e":"sellTotalFees()","0x730c1888":"setAutoLPBurnSettings(uint256,uint256,bool)","0x9a7a23d6":"setAutomatedMarketMakerPair(address,bool)","0xe2f45605":"swapTokensAtAmount()","0x9fccce32":"tokensForDev()","0x1a8145bb":"tokensForLiquidity()","0x1f3fed8f":"tokensForMarketing()","0xbbc0c742":"tradingActive()","0xc876d0b9":"transferDelayEnabled()","0x49bd5a5e":"uniswapV2Pair()","0x1694505e":"uniswapV2Router()","0x8095d564":"updateBuyFees(uint256,uint256,uint256)","0x1816467f":"updateDevWallet(address)","0xaacebbe3":"updateMarketingWallet(address)","0x203e727e":"updateMaxTxnAmount(uint256)","0xc18bc195":"updateMaxWalletAmount(uint256)","0xc17b5b8c":"updateSellFees(uint256,uint256,uint256)","0x924de9b7":"updateSwapEnabled(bool)","0xd257b34f":"updateSwapTokensAtAmount(uint256)","0xe8078d94":"addLiquidity()","0x42966c68":"burn(uint256)","0x47062402":"buyFee()","0xc04a5414":"developmentWallet()","0x5a90a49e":"exemptFromFees(address)","0x8d3e6e40":"exemptFromLimits(address)","0x6373ea69":"feeSplit()","0x2fb528ba":"manualTaxSwapAndSend(uint8,bool)","0xc3f70b52":"maxTransaction()","0x2b14ca56":"sellFee()","0x57ff135a":"setExempt(address,bool,bool)","0x76a39c28":"setFeeSplit(uint16,uint16,uint16)","0x4fcd2446":"setFees(uint8,uint8)","0x368f4800":"setLimits(uint16,uint16)","0xa6097b0a":"setTaxSwap(uint32,uint32,uint32,uint32)","0x4d4ce935":"swapAtMax()","0x46b89834":"swapAtMin()","0x147c9f6d":"updateWallets(address,address,address)","0x7d1db4a5":"_maxTxAmount()","0x8f9a55c0":"_maxWalletSize()","0x34376f3b":"_taxSwap()","0xd34628cc":"addBots(address[])","0x31c2d847":"delBots(address[])","0x6fc3eaec":"manualsend()","0xc3c8cd80":"manualswap()","0xc9567bf9":"openTrading()","0x1d97b7cd":"EnableTrading()","0x3fd16d13":"LiquidityReceiver()","0xc480b4c6":"RouterAddress()","0xd0bc827f":"SetupFeeReceivers(address,address,address)","0xa0a2ccd9":"TotalbuyFees()","0xf9f4e424":"TotalsellFees()","0xb1487638":"_ProvideLP(address,bool)","0x9803fe80":"_addBotToBlackList(address)","0x6ebcf607":"_balances(address)","0x1698f2e8":"_blocks()","0x067a2cf1":"_bulkaddBotsToBlackList(address[])","0x65c6115c":"_cb(uint256)","0x5f559fba":"_isExcludedmaxTxnAmount(address)","0xd28d8852":"_name()","0x875ea3cd":"_removeBotFromBlackList(address)","0x522ca91a":"_setbuyfees(uint256,uint256)","0x83722039":"_setsellfees(uint256,uint256)","0xb09f1266":"_symbol()","0x0758d924":"dexRouter()","0x51f205e4":"forceSwapBack()","0x452ed4f1":"lpPair()","0xcf46f24c":"maxTxnAmount()","0x53674ba6":"setSwapTokensAt(uint256)","0xe0b3c739":"toggleTransferDelay(bool)","0xee40166e":"tradingActiveBlock()","0xef4f3c6b":"updateMaxTxn_base1000(uint256)","0x87de3743":"updateMaxWallet_base1000(uint256)","0x878f33c9":"withdrawStuckERC(address)","0xf5648a4f":"withdrawStuckETH()","0x62015852":"_buyDevFee()","0xdc44b6a0":"_buyLiquidityFee()","0xc5d24189":"_buyMarketingFee()","0x627524d5":"_buyMultiSigFee()","0xefcc52de":"_buyTaxFee()","0xc9cf7789":"_sellDevFee()","0x88790a68":"_sellLiquidityFee()","0xc8607952":"_sellMarketingFee()","0xae762222":"_sellMultiSigFee()","0x200a692d":"_sellTaxFee()","0x2307b441":"airdropToWallets(address[],uint256[])","0xfc155d1d":"buyBackTokens(uint256)","0xfabb0b4f":"deadBlocks()","0x3ad10ef6":"devAddress()","0x82aa7c68":"enableTrading(uint256)","0x437823ec":"excludeFromFee(address)","0x52390c02":"excludeFromReward(address)","0x557ed1ba":"getTime()","0x602bc62b":"getUnlockTime()","0xea2f0b37":"includeInFee(address)","0x3685d419":"includeInReward(address)","0x5342acb4":"isExcludedFromFee(address)","0x88f82020":"isExcludedFromReward(address)","0x0f3a325f":"isSniper(address)","0x0f4432e3":"liquidityActiveBlock()","0x3221c93f":"liquidityAddress()","0xed494189":"manageSnipers(address[],bool)","0x60a6f45a":"manualSend(address)","0xa5ece941":"marketingAddress()","0xd2d7ad83":"minimumTokensBeforeSwap()","0xa073d37f":"minimumTokensBeforeSwapAmount()","0x1516def7":"multiSigAddress()","0x4549b039":"reflectionFromToken(uint256,bool)","0xa71e0618":"setBuyFee(uint256,uint256,uint256,uint256,uint256)","0xd0d41fe1":"setDevAddress(address)","0x09231602":"setGasPriceLimit(uint256)","0x525fa81f":"setLiquidityAddress(address)","0x906e9dd0":"setMarketingAddress(address)","0x077f2cfc":"setMultiSigAddress(address)","0xa0263c89":"setProtectionSettings(bool)","0x5ea4a8dd":"setSellFee(uint256,uint256,uint256,uint256,uint256)","0xc49b9a80":"setSwapAndLiquifyEnabled(bool)","0x4a74bb02":"swapAndLiquifyEnabled()","0x2d838119":"tokenFromReflection(uint256)","0x13114a9d":"totalFees()","0x8366e79a":"transferForeignToken(address,address)","0xf476eb1f":"updateMaxSize(uint256)","0xbc9663d5":"updateMaxTxnPercent(uint256)","0xba22abc3":"updateSwapTokensAtPercent(uint256)","0xe80c7ded":"_maximumWalletSize()","0x0e5a9231":"_swapThreshold()","0x1b9152bf":"clearEth()","0xe303e662":"clearTokens(address)","0xd2a09c71":"enableSwap(bool)","0xc492f046":"excludeMultipleAccountsFromFees(address[],bool)","0x8ffee785":"feeRatios()","0x8129fc1c":"initialize()","0x5b895c29":"manualSwapback()","0x64e329e3":"preparation(uint256[],bool)","0xa08fc5c7":"reduceFees(uint256,uint256)","0x4fa2cf8a":"setFeeRatios(uint256,uint256)","0x74378132":"tradingFees()","0x1a695230":"transfer(address)","0xd2f4a50a":"wallets()"}