{"VERSION()":"0xffa1ad74","allowance(address,address)":"0xdd62ed3e","approve(address,uint256)":"0x095ea7b3","balanceOf(address)":"0x70a08231","decimals()":"0x313ce567","decreaseAllowance(address,uint256)":"0xa457c2d7","enableAntiBot()":"0x241ec3be","increaseAllowance(address,uint256)":"0x39509351","name()":"0x06fdde03","owner()":"0x8da5cb5b","pinkAntiBot()":"0x407133d2","renounceOwnership()":"0x715018a6","setEnableAntiBot(bool)":"0x1f46b1c6","symbol()":"0x95d89b41","totalSupply()":"0x18160ddd","transfer(address,uint256)":"0xa9059cbb","transferFrom(address,address,uint256)":"0x23b872dd","transferOwnership(address)":"0xf2fde38b","admin()":"0xf851a440","changeAdmin(address)":"0x8f283970","implementation()":"0x5c60da1b","upgradeTo(address)":"0x3659cfe6","upgradeToAndCall(address,bytes)":"0x4f1ef286","_decimals()":"0x32424aa3","_name()":"0xd28d8852","_symbol()":"0xb09f1266","burn(uint256)":"0x42966c68","getOwner()":"0x893d20e8","mint(uint256)":"0xa0712d68"}